sim_type,type,precision,recall,f1_score
Continuous,All,0.9559895833333334,0.8758812615955474,0.9344265090830806
LogitScore,All,0.3758185390997891,0.3850907029478458,0.40458708443436736
Mixed,All,0.5006853684688736,0.41871779014636157,0.47560875652046003
