sim_type,type,precision,recall,f1_score
Continuous,All,0.9805555555555556,0.9318783068783069,0.9516339869281046
LogitScore,All,0.41695045695045696,0.46214285714285713,0.4631582120027498
Mixed,All,0.6071176046176047,0.49314814814814817,0.5252155091285525
