sim_type,type,precision,recall,f1_score
Continuous,All,0.86494708994709,0.69510582010582,0.7551798545451796
LogitScore,All,0.39920634920634923,0.37026455026455024,0.37322288822288824
Mixed,All,0.5519047619047619,0.3197354497354497,0.4103111174539746
