sim_type,type,precision,recall,f1_score
Continuous,All,0.8364285714285714,0.6470370370370371,0.7108511858511858
LogitScore,All,0.42698412698412697,0.4133068783068783,0.4067815844286432
Mixed,All,0.5555555555555556,0.30566137566137563,0.4011964226249941
