sim_type,type,precision,recall,f1_score
Continuous,All,0.9888888888888889,0.9318783068783069,0.9568554321495497
LogitScore,All,0.40508177008177004,0.46380952380952384,0.4566243703959317
Mixed,All,0.6206501831501832,0.5159259259259259,0.545971250971251
