sim_type,type,precision,recall,f1_score
Continuous,All,0.8274603174603175,0.6914814814814815,0.7350539811066127
LogitScore,All,0.41888888888888887,0.39859788359788356,0.39858585858585854
Mixed,All,0.5607936507936507,0.31687830687830687,0.40846217274788704
