sim_type,type,precision,recall,f1_score
Continuous,All,0.8353439153439154,0.6752910052910053,0.7309719039130803
LogitScore,All,0.42404761904761906,0.41052910052910047,0.4036963036963037
Mixed,All,0.5955555555555556,0.30473544973544975,0.4076257076257076
