sim_type,type,precision,recall,f1_score
Continuous,All,0.9124603174603174,0.6926984126984127,0.7535725385725385
LogitScore,All,0.40365079365079365,0.37851851851851853,0.38120105384811265
Mixed,All,0.5566666666666666,0.2964021164021164,0.39046191903334765
