sim_type,type,precision,recall,f1_score
Continuous,All,0.9888888888888889,0.930952380952381,0.954920634920635
LogitScore,All,0.41732193732193734,0.4735185185185185,0.4329151534266623
Mixed,All,0.6018406593406593,0.5337830687830688,0.5528427128427128
