sim_type,type,precision,recall,f1_score
Continuous,All,1.0,0.9444444444444444,0.9705882352941176
LogitScore,All,0.5,0.5634920634920635,0.5298245614035088
Mixed,All,0.6309523809523809,0.6904761904761905,0.6454849498327759
