,,precision,precision,precision,recall,recall,recall,f1_score,f1_score,f1_score
,,mean,std,median,mean,std,median,mean,std,median
sim_type,type,,,,,,,,,
Continuous,All,0.9888888888888889,0.04303314829119351,1.0,0.930952380952381,0.12291342380133626,1.0,0.954920634920635,0.07813974728536115,1.0
LogitScore,All,0.41732193732193734,0.15958806289036248,0.4444444444444444,0.4735185185185185,0.21223670076020282,0.5,0.4329151534266623,0.16343262056951993,0.47058823529411764
Mixed,All,0.6018406593406593,0.24758529139642543,0.6,0.5337830687830688,0.23146143310222853,0.5555555555555556,0.5528427128427128,0.2248867246772293,0.5454545454545455
