,,precision,precision,precision,recall,recall,recall,f1_score,f1_score,f1_score
,,mean,std,median,mean,std,median,mean,std,median
sim_type,type,,,,,,,,,
Continuous,All,0.9805555555555556,0.05191440859824775,1.0,0.9318783068783069,0.11303720779838286,1.0,0.9516339869281046,0.07211874322940297,1.0
LogitScore,All,0.41695045695045696,0.19979023818515493,0.42857142857142855,0.46214285714285713,0.21216733415913813,0.5,0.4631582120027498,0.15757900337168937,0.4575163398692811
Mixed,All,0.6071176046176047,0.240550766206666,0.6666666666666666,0.49314814814814817,0.1981152797316656,0.5555555555555556,0.5252155091285525,0.19177156830803133,0.5714285714285713
