,,precision,precision,precision,recall,recall,recall,f1_score,f1_score,f1_score
,,mean,std,median,mean,std,median,mean,std,median
sim_type,type,,,,,,,,,
Continuous,All,0.9888888888888889,0.04303314829119351,1.0,0.9318783068783069,0.11303720779838287,1.0,0.9568554321495497,0.076299104428188,1.0
LogitScore,All,0.40508177008177004,0.1905449582357028,0.42857142857142855,0.46380952380952384,0.2066200581562562,0.5,0.4566243703959317,0.14741945078064644,0.44582043343653255
Mixed,All,0.6206501831501832,0.259440399106783,0.6,0.5159259259259259,0.22772912575187532,0.5555555555555556,0.545971250971251,0.22230610750689145,0.5454545454545455
