,,precision,precision,precision,recall,recall,recall,f1_score,f1_score,f1_score
,,mean,std,median,mean,std,median,mean,std,median
sim_type,type,,,,,,,,,
Continuous,All,1.0,0.0,1.0,0.9444444444444444,0.07856742013183865,0.9444444444444444,0.9705882352941176,0.04159451654038516,0.9705882352941176
LogitScore,All,0.5,0.0,0.5,0.5634920634920635,0.011223917161691192,0.5634920634920635,0.5298245614035088,0.004962152850431928,0.5298245614035088
Mixed,All,0.6309523809523809,0.2862098876231264,0.6309523809523809,0.6904761904761905,0.03367175148507373,0.6904761904761905,0.6454849498327759,0.17500301607961377,0.6454849498327759
