,,precision,precision,precision,recall,recall,recall,f1_score,f1_score,f1_score
,,mean,std,median,mean,std,median,mean,std,median
sim_type,type,,,,,,,,,
Continuous,All,0.9124603174603174,0.12956974683919217,1.0,0.6926984126984127,0.23245007483111224,0.7142857142857143,0.7535725385725385,0.16867542206029063,0.75
LogitScore,All,0.40365079365079365,0.11367686696573041,0.4,0.37851851851851853,0.10499536648313205,0.375,0.38120105384811265,0.084646630417449,0.4
Mixed,All,0.5566666666666666,0.28478619103315844,0.5,0.2964021164021164,0.16999871288416313,0.2857142857142857,0.39046191903334765,0.1448287121444576,0.38181818181818183
