,,precision,precision,precision,recall,recall,recall,f1_score,f1_score,f1_score
,,mean,std,median,mean,std,median,mean,std,median
sim_type,type,,,,,,,,,
Continuous,All,0.8353439153439154,0.218801388658839,1.0,0.6752910052910053,0.18040944143111579,0.6666666666666666,0.7309719039130803,0.16162278694057888,0.7272727272727273
LogitScore,All,0.42404761904761906,0.12657830916531465,0.42857142857142855,0.41052910052910047,0.14519354751760402,0.4,0.4036963036963037,0.09814478540976171,0.42857142857142855
Mixed,All,0.5955555555555556,0.29300486660096936,0.6,0.30473544973544975,0.16924581353955162,0.25,0.4076257076257076,0.15434170004077616,0.34848484848484845
