,,precision,precision,precision,recall,recall,recall,f1_score,f1_score,f1_score
,,mean,std,median,mean,std,median,mean,std,median
sim_type,type,,,,,,,,,
Continuous,All,0.8274603174603175,0.16871462044188007,0.8571428571428571,0.6914814814814815,0.1819939630897437,0.7142857142857143,0.7350539811066127,0.14762284771919812,0.7692307692307693
LogitScore,All,0.41888888888888887,0.14888492420831792,0.42857142857142855,0.39859788359788356,0.12175574935521445,0.4,0.39858585858585854,0.11673465303334717,0.4
Mixed,All,0.5607936507936507,0.2870135801012026,0.5,0.31687830687830687,0.1814371258784661,0.3333333333333333,0.40846217274788704,0.1466993314751777,0.4722222222222222
