,,precision,precision,precision,recall,recall,recall,f1_score,f1_score,f1_score
,,mean,std,median,mean,std,median,mean,std,median
sim_type,type,,,,,,,,,
Continuous,All,0.86494708994709,0.14674583143741995,0.875,0.69510582010582,0.14133874872562172,0.7,0.7551798545451796,0.09658409643112528,0.7368421052631577
LogitScore,All,0.39920634920634923,0.1211695806353764,0.375,0.37026455026455024,0.11327128227367723,0.375,0.37322288822288824,0.09079197672827308,0.375
Mixed,All,0.5519047619047619,0.2850746809103627,0.5,0.3197354497354497,0.1975647678978903,0.3333333333333333,0.4103111174539746,0.17387280678086597,0.45299145299145305
