,,precision,precision,precision,recall,recall,recall,f1_score,f1_score,f1_score
,,mean,std,median,mean,std,median,mean,std,median
sim_type,type,,,,,,,,,
Continuous,All,0.8364285714285714,0.21587177579008895,1.0,0.6470370370370371,0.2101694205091701,0.6666666666666666,0.7108511858511858,0.18156040077983798,0.7272727272727273
LogitScore,All,0.42698412698412697,0.10474128842700832,0.42857142857142855,0.4133068783068783,0.1378451930830954,0.4,0.4067815844286432,0.08483185167609651,0.4
Mixed,All,0.5555555555555556,0.283099810394678,0.5,0.30566137566137563,0.17863481280390742,0.2857142857142857,0.4011964226249941,0.16421614271308427,0.38181818181818183
