,,precision,precision,precision,recall,recall,recall,f1_score,f1_score,f1_score
,,mean,std,median,mean,std,median,mean,std,median
sim_type,type,,,,,,,,,
Continuous,All,0.9559895833333334,0.16842171683569523,1.0,0.8758812615955474,0.23854708616347303,1.0,0.9344265090830806,0.13675444372391649,1.0
LogitScore,All,0.3758185390997891,0.2355674152577791,0.375,0.3850907029478458,0.24946547751945447,0.4,0.40458708443436736,0.17598931645402988,0.41052631578947374
Mixed,All,0.5006853684688736,0.290669347544324,0.5,0.41871779014636157,0.24975740219428064,0.41428571428571426,0.47560875652046003,0.20754276441836186,0.5
